timestamp,user_input,intent,openai_answer,groq_answer,judge_winner,total_calories,confidence
2026-06-01T13:49:01.543758,2 eggs and 100g rice,calorie_estimation,"To estimate the calories for your meal of 2 eggs and 100g of rice:

1. **Eggs**: On average, one large egg contains about 70 calories. So, for 2 eggs:
   - 2 eggs x 70 calories = **140 calories**

2. **Rice**: Cooked white rice has approximately 130 calories per 100g. So, for 100g of rice:
   - 100g rice = **130 calories**

**Total estimated calories**: 
- 140 calories (eggs) + 130 calories (rice) = **270 calories**

Keep in mind that these values can vary based on the size of the eggs and the type of rice.","To estimate the calorie count of 2 eggs and 100g of rice, let's break it down:

- 2 eggs: Approximately 140 calories (assuming large eggs, with about 70 calories per egg)
- 100g of rice: This can vary depending on the type of rice, but a common estimate for cooked white rice is around 130 calories per 100g. For brown rice, it might be slightly higher, around 110 calories per 100g of uncooked rice, which becomes around 140 calories when cooked due to water absorption. Let's assume an average of 135 calories for 100g of cooked rice, considering the type of rice is not specified.

Total estimated calories: 140 (eggs) + 135 (rice) = 275 calories

Please note, this is an approximation. The exact calorie count can vary based on the size of the eggs, the type of rice, and how the rice is cooked.",,,high
2026-06-01T13:49:08.479218,today summary,meal_memory_command,,,,,system
2026-06-01T13:49:23.212079,show history,meal_memory_command,,,,,system
2026-06-01T13:49:31.325749,clear memory,meal_memory_command,,,,,system
2026-06-01T13:49:40.126072,cat storage/interactions.csv,out_of_domain,,,,,blocked
2026-06-01T13:59:26.893834,2 eggs and 100g rice,calorie_estimation,"To estimate the calories for your meal of 2 eggs and 100g of rice:

1. **Eggs**: On average, one large egg contains about 70 calories. So, for 2 eggs:
   - 2 eggs x 70 calories = **140 calories**

2. **Rice**: For cooked white rice, 100g typically contains around 130 calories.

Now, adding these together:
- Total calories = 140 (eggs) + 130 (rice) = **270 calories**

Please note that these values can vary based on the size of the eggs and the type of rice used.","For 2 eggs and 100g of rice, I can estimate the calorie count. 

2 eggs are approximately 140 calories. 
100g of cooked rice is around 130 calories. 

So, the total estimated calorie count is approximately 270 calories. 

Please note that this is an estimate, as exact calorie counts can vary depending on cooking methods and specific types of eggs and rice.",,270.0,high
2026-06-01T13:59:41.755989,today summary,meal_memory_command,,,,,system
